Melissa27212583;2021-11-26 00:33:18+00:00;COSS;@WBG_Jobs @WorldBank @GlobalKNOMAD What's up bro ? Getting tired of losing  altcoins on  such crazy market ? I use  PRO signals from this  PRO channel and take profit  30-50% weekly !  Follow me https://t.co/Mu7gR1DILe$DCR $COSS $BHPC $BAT $EOS $CENNZ $DTRâ­• 1907445576 https://t.co/7rgGBimCKB
Tomasz_Kiolbasa;2021-11-26 06:27:00+00:00;Tux;RT @omgubuntu: Microsoft Edge for Linux Has a Hidden Tux Easter Egg #linux https://t.co/gOGx5wa9j6 https://t.co/r6jpNBCBQK
dessalinho;2021-11-23 21:07:36+00:00;Trade Satoshi;@satoshi_babe @TheMoonCarl Delusional. BTC is paired in USD. USD is the other side of the trade.
dnkta;2021-11-26 16:14:36+00:00;Trade Satoshi;@ASvanevik I feel you ğŸ˜‚ Well let's get bankless, if we all start supporting each other and trade goods an services for crypto we will start to slowly fulfill Satoshi's vision. ğŸ˜
davetroy;2021-11-26 15:33:15+00:00;Trade Satoshi;@lonquest @egypt_satoshi Agreed. I think they think there is â€˜valueâ€™ because other people are presumably available who will trade things for it. Maybe. Assuming volatility isnâ€™t too bad and fungibility is operable at that moment. This assumes a level of universalization unlikely to be achieved.
TheKingFtw_;2021-11-23 23:39:19+00:00;Liquid;@Pimp_CSGO what do you mean by death teams? Teams that are obviously going to transfer players after the tournament? So like team liquid right now
liz_langfield;2021-11-23 23:38:30+00:00;Liquid;RT @AdHoc888: Did grocery shopping today... Â£96 of  milk, vegetables, pg tea, chicken breast, cereals x2, cheese, cold meat, shampoo, soapâ€¦
437water;2021-11-27 16:24:36+00:00;Liquid;@rush_wtf I new case can be like 100-200 maybe, I havenâ€™t looked in a while liquid cooling is around the same price
mxbaden;2021-11-25 00:10:18+00:00;Liquid;RT @ghostonomato: so this is totally outdated but the ToR orpheus just chugging old ass bottles of unknown liquid made me think of this comâ€¦
MINjobsBC;2021-11-25 00:10:01+00:00;Liquid;#JobSearch:  @MetroVancouver USO III Liquid Waste - error #Municipal #BC
0xJonnyClean;2021-11-23 20:41:27+00:00;Liquid;@BAYC2745 @munchzzi Just have them make it a double shot and you can have a full cup without it being overly milky. If you can get some liquid stevia you can ditch the sugar. The tough ask is switching to almond milk to get away from the lactose sugars. ğŸ˜€
Paulozxl;2021-11-27 14:36:54+00:00;Liquid;I mean Liquid squad Mr 2k with the 2 AKsss AKA known as the smoke criminal
tamakxji;2021-11-26 17:59:03+00:00;Liquid;âœ Unable to swallow the thick, metallic liquid, he unwillingly spits it out, letting the blood cascade from his mouth and onto the ground as he falls to his knees, dropping the knife and gripping his neck.
astromagus;2021-11-26 17:59:01+00:00;Liquid;@BoxingMeister â€” palm managed to hit emerald surface as she took a moment to think. Meanwhile Taurus was on a rampage his axe managed to collide with ground resulting in a crater. Inside would be a single stream of liquid. So she focused, four keys being wrapped around her digits while â€”
Loski007;2021-11-25 02:38:50+00:00;Liquid;@_NurseRatchet I havenâ€™t been able to eat SHIT without my asshole falling out. That liquid only shit got me completely fucked up ğŸ˜©ğŸ˜©ğŸ˜©ğŸ˜©
crays_ewanderer;2021-11-25 02:38:21+00:00;Liquid;RT @seriouseats: For eggs with tender whites and liquid yolks every single time.https://t.co/QXxEbYlS1y
StarfleetNicky;2021-11-24 01:57:40+00:00;Liquid;@StarSawbones --" he paused to take a look at the bottle, a drunken chuckle left him, he was slurring his words badly when he spoke he sounded almost like a babbling baby" Well it seems I'm a drink away from it being empty" he picked up the bottle pouring the brown liquid into the glass - -
alan_schramm;2021-11-24 01:57:00+00:00;Liquid;RT @notgrubles: You can see the symbiosis of Lightning and Liquid playing out in El Salvador, with everyday purchases being made with LN whâ€¦
SLUGPRlNCESS;2021-11-27 03:02:43+00:00;Liquid;@vengefulomen with vegetation of utter delight. Movements stopped , and her head slightly tilted towards the side , glistening whites of eyes seeped with salted liquid that rushed from glands. Why ? ğ™’ğ™ğ™® â“ Despite what she had stayed before , the word that questioned it all did tighten .c.
EdyBassen;2021-11-24 18:43:27+00:00;Liquid;@RepMaxineWaters @realDonaldTrump African Black, don't you think you have enough of your evil sex drugs acts, hire Latina create liquid sex drugs, now all food/fruits/water all have it, I can't buy anything w/out liquid sex drugs, only eat rice/noodle, little bit of self grow veg, please stop the evils acts??
funeralflesh;2021-11-25 05:30:04+00:00;Liquid;@Ashleycarratura I know just the products to use for these! Use Revolution Beauty eyeshadows on a cream eye base (preferably white), and use Wet 'n Wild liquid lippies with a clear gloss over it. &lt;3
Sakurako1401;2021-11-24 16:02:59+00:00;Liquid;@_precelek @CookingBullet95 @faaaaaaaster @LinusTech Average users do not run virtual machines, install new operating systems, put liquid metal in their smartphones etc.Average users go to the app store or download deb files (which don't bundle in any adware).
LuizzMarcian0;2021-11-24 16:02:53+00:00;Liquid;@TryckFoound @arthurzxc2 Cold e yurih fazem a mesma funÃ§Ã£o, fallen nÃ£o ia encaixar no estilo de jogo da furia, fallen no geral nÃ£o curte esse cs mais porra louca e ia rolar igual na liquid com duas grandes influÃªncias conflitando ideolÃ³gicamente sobre como o cs tem q ser jogado
phd_positionsdk;2021-11-27 08:29:21+00:00;Liquid;PhD scholarship in Electrocatalysis by Single Nanoparticles in LiquidÂ Environments https://t.co/pDWnoBk4II
Yukira_Saki;2021-11-23 14:44:06+00:00;Liquid;@TheOwlDuck Cotton candy? &lt;.&lt; or some...very very dirty water/liquid
baggedsmh;2021-11-23 10:59:37+00:00;Liquid;to listen to Liquid Swords or to listen to 30 while i complete this small task? stuck
TcAcEV25XevmT5b;2021-11-23 13:51:46+00:00;Liquid;RT @ClearpoolFin: ğŸ“°News of the WeekğŸ“°1ï¸âƒ£@LithiumFinance &amp; Clearpool Partner to Create a Liquid Secondary Market for LP Tokens2ï¸âƒ£CPOOL Stâ€¦
6xHkbFp1GVwIoHv;2021-11-22 23:06:48+00:00;Liquid;RT @eruptionradiouk: BIGGUS LATE NIGHT LIQUID DNB SHOW ERUPTION RADIO : KEEPING THE FIRE BURNING | TXT/WHATSAPP 07853 456 869 #REALRADIO htâ€¦
jlet;2021-11-22 23:06:20+00:00;Liquid;@drooliet Had a â€œfrozenâ€ Kirin Ichiban one time at an izakaya place in midtown NYC â€“ the head basically sets up like a soft-serve ice cream cone and the liquid portion is *frigid*. Very nice on a muggy summer day.
clarystellaxiv;2021-11-27 07:32:54+00:00;Liquid;Azys Lla is at its best when its at its worst and this is a pond outside a facility experimental creatures have broken out where the water? liquid? looks like blood.Iâ€™m not sure if this is where you can catch the fish with lalafell hands but I should probably check.
PradzWorLd;2021-11-27 07:32:42+00:00;Liquid;RT @Anshulspiritual: Hanumanji attacked the mountain like Kumbhkarna in anger. Due to this strike Kumbhkarna became restless. Blood and liqâ€¦
RobWright22;2021-11-23 12:43:21+00:00;BTC-Alpha;This is a wild story. LockBit ransomware gang claimed it hit a cryptocurrency exchange. BTC-Alpha's founder puts out an odd press release blaming the attack on a competitor, and claims he received "threats and insinuations of physical violence." https://t.co/hUXxqWYIwv
ATL_ATH;2021-11-23 13:28:56+00:00;Bittrex;ğŸ’£  ATL breached for ETH-DMR on Bittrex!New ATL: 0.00002395Previous ATL: 0.00002424 (on 2021/23/11)Market: https://t.co/wzKCe079m1
inputspike;2021-11-26 17:10:07+00:00;Bittrex;BTC/ANKR (Bittrex) gained 6.51% in the last 20 min. CMC rank: 93 (previous rank: 96). 0.14684187USD, 0.0000027Éƒ $ANKR #Ankr #cryptocurrencies https://t.co/o6rMhKdiYt
Thesurya212;2021-11-24 16:15:42+00:00;BuyUcoin;@fesschain #fake @buyucoin
Mabushi39;2021-11-27 00:25:59+00:00;BTC;Please donation Bitcoin...! It's so hard. I'll pay you back someday. Deposit : 3M7ja6LbXmgFJFcz7tmc9dNUPbSvue2oKd ğŸ˜…ğŸ˜…ğŸ˜˜ğŸ˜˜#BtcÂ Â Â Â Â Â Â Â Â Â Â Â Â Â Â Â Â Â Â Â #bitcoinÂ Â Â Â Â Â Â Â Â Â Â Â Â Â Â Â Â Â Â Â Â Â Â Â Â @Bitcoin
AguinaldoMarjun;2021-11-26 21:05:12+00:00;BTC;RT @ItsAyyMG: Iâ€™ll give $100 to one random person in 24 hours who retweets this and is following @betfury_gaming &amp; myself.- Retweet theirâ€¦
crytocevo;2021-11-26 22:38:01+00:00;BTC;RT @cryptocevo: In few weeks from now you will be grateful for the btc pump
Wherelambo2;2021-11-26 22:38:01+00:00;BTC;RT @CryptoMatrix2: Pour fÃªter le black friday @PrimeXBT nous file 10 codes bonus Ã  trade0.0035 $BTC #Bitcoin soit prÃ¨s de 200$ par personâ€¦
sarang143u;2021-11-26 22:37:59+00:00;BTC;El Salvador celebrates Black Friday and buys 100 BTC at 20%off   https://t.co/CM78MBu6aX    #News
getrekthodl;2021-11-25 11:28:59+00:00;BTC;RT @evan_van_ness: Over the last month, $ETH has flipped $Btc a few times in Google search interest in the US#theFlippeningğŸ¬ is a seriesâ€¦
TheInvestingOnl;2021-11-26 20:00:35+00:00;BTC;$BTCUSDBITCOIN (BTC) IS EXTREMELY VOLATILE FOR CONSUMERS, SAYS BOE GOVERNORhttps://t.co/eDMGjcrNTa https://t.co/lQcLlBrPhU
ledai9394;2021-11-25 01:59:59+00:00;BTC;Bitcoin 1-week Social volume is down -11.45% to 2,572,824 with price down -4.6% to $57,881.37 https://t.co/wU1dwg9SWw$BTC #Bitcoin #LunarShare #LunarCrush
HukulNur;2021-11-24 22:11:01+00:00;BTC;RT @LovecoinProject: (Poll) What will the price of Bitcoin be on January 1st, 2022? #bitcoin #BitcoinETF #bitcoins #bitcoinprice #BTC
CryptoTime8;2021-11-27 16:41:01+00:00;BTC;RT @JTS_Global: 33 days 2 #VOTE 4 #BitPay to add $TRXSupport #TRON .Take few secs &amp; #vote 4 #TRX. #Vote EACH AND EVERY DAY. #TRONCommunitâ€¦
_Mr__Moon_;2021-11-27 16:41:01+00:00;BTC;RT @cryptomanran: Why this dip was for buying;1.Technical levels held as per @Sheldon_Sniper chart.2. Fear &amp; greed index-  extreme fearâ€¦
jeanclaide3;2021-11-27 12:49:55+00:00;BTC;RT @Sheldon_Sniper: Last few times fear was this low , price of $BTC was 21 July - 29K 30 Sep - 40K Today - 54K $BTC is trending up.
HODLMATTY;2021-11-26 09:52:57+00:00;BTC;When does "buy the dip" just become like everyday shopping at Woolworths? #BTC
ArdoinTuffy;2021-11-27 16:41:04+00:00;BTC;@woonomic @BTC_Archive People get confused with correction amd bear markets!
ShillMaster_;2021-11-24 19:33:03+00:00;BTC;RT @dll_io: Top 10 #Cryptocurrency Live Prices: (02:30 PM . Nov 24,2021)#BTC $56765.58#ETH $4212.12#BNB $583.65#DOGE $0.21#SHIB $0.0â€¦
R76024767;2021-11-25 02:38:59+00:00;BTC;RT @Guv999: #BTC moon bois with 100K+ Follows doing 24x7 incessant hype shd take a slightly longer Thanksgiving break.ğŸ˜ğŸ‘
Hodlbaby22;2021-11-27 05:07:45+00:00;BTC;RT @ChristianBurns: Day one of the drop for this, 119 left. Transaction on BTC is less than $1 and this NFT is less than $75 worth of BTC.â€¦
MostafaElio2;2021-11-23 13:58:10+00:00;BTC;RT @Alisa92520: The entire market continues to fall, and the rebound you are expecting is unlikely to occur. You are all treated as leeks.@â€¦
coinbits_br;2021-11-23 18:08:13+00:00;BTC;RT @CardanoFeed: Cardano Resting on the 200-Day Moving Average, ADABTC Registers a Bullish Divergence Pattern #Cardano #cardanofeed #ADAâ€¦
CryptoZeus12;2021-11-26 22:21:23+00:00;BTC;RT @VivalaCoinBTC: Here, I'll say it... $ada receives hate in defi for the same reason #btcâ€¯received hate in the media/banking world for soâ€¦
stefanoconvers;2021-11-26 22:21:23+00:00;BTC;Tonight i'd discover @smallpoolcoin ...what do yoi think about this token? Liquidity loked for one year...not bad, few olders yet...Not financial advice ğŸ˜…I got in with few bucks ğŸ¤ğŸ»#SHIBARMY #SHIB #zuna #BTC #BSC #BSCGems #altcoin
EngelTeufel4;2021-11-25 18:29:57+00:00;BTC;RT @CoinSonarBot: $IOTA volume boost!10 times the average volume in #IOTA to $BTC pair (Binance) ğŸ˜®Net 15 min volume: +6.275 BTC  #altseasâ€¦
KiaraAnastasya;2021-11-24 16:02:59+00:00;BTC;RT @Megalod88810813: @bullycrypto_pod There are always new opportunities arising in #crypto, even if you are late to buy $ETH $ADA $BTC andâ€¦
SpeluncaDoge;2021-11-27 05:52:18+00:00;BTC;Short-term structure = bearish.  $BTC broke out of descending yellow trendline only to be slammed back below.  Support lies in the bull market band zone b/w 20wk SMA and 21 wk EMA; not breaching did propel $BTC out of correction in late Sep  (credit @intocryptoverse) https://t.co/MIPtmzBfyK
aeryyhdfg;2021-11-24 23:22:57+00:00;BTC;RT @satsdart: comp even worse, down 20% since btc summer low https://t.co/eZDWQmxXBM
kimmyizhir;2021-11-24 23:22:56+00:00;BTC;RT @finblox: âš¡ï¸Flash Giveawayâš¡ï¸$20 in #Solana to a random person in 1 dayAll you have to do is Retweet &amp; Like this &amp; Pinned tweet+ Foâ€¦
BTCADDICTX;2021-11-26 17:45:10+00:00;BTC;RT @Jackmor98705125: Iâ€™ll give 2 random people 10k $VRA each.  ğŸš€Follow, retweet, like, and reply $VRA to enter. âœ…Iâ€™ll choose the winnerâ€¦
burneffectchain;2021-11-23 10:34:42+00:00;BTC;RT @Ekoanalizz: YÃ¼klÃ¼ miktarda 55.800-56.700 arasÄ±ndan Btc ye long pozisyonuna giriÅŸ yaptÄ±m.Stop seviyem 53.300 ler aÃ§tÄ±ÄŸÄ±m xxx 3xx. Vadeliâ€¦
69NiceBot69;2021-11-26 19:17:02+00:00;BTC;RT @CryptoJelleNL: FACT CHECK: subject matter experts confirm $BTC is trading at $69.420, contrary to news spreading on "crypto twitter"
LionForex1;2021-11-23 16:05:09+00:00;BTC;RT @OffshoreInn: The HODL Valley Metaverse â€“ The Game That Can Grow Your Digital Wealth https://t.co/wdpvZjyAUr https://t.co/5SJgk18a3U ğŸ¤‘ #â€¦
1CentDream;2021-11-23 16:05:09+00:00;BTC;ğŸ”¥#MononokeInu ğŸ”¥#SaitamaInu #SHIBA #shibainu #btc #dogearmy #CryptocurrencyNews #nftartFucking Legend â¬‡ï¸â¬‡ï¸â¬‡ï¸ https://t.co/6kid4EMgAN
MempoolWhales;2021-11-23 16:05:09+00:00;BTC;ğŸ‹482 #BTC (16.846.050 USD) will be transfered from unknown wallet to unknown address (never used before)https://t.co/uB4qgh091F#bitcoin
CryptoElena3;2021-11-26 09:44:47+00:00;BTC;@Nicocosta21 Elon gives a run down of which crypto is important &amp; which ones you should not buy. Shib is bad? #Shiba #altcoin #ShibaInu #Dogecoin #cryptocurrecy #BitcoinÂ Â Â Â Â #AMCSTOCKÂ Â #shib #dogelonmars #Hodl $Doge $BTC $Shib $AMC  #BTCÂ  #dogelon  https://t.co/DOBO0gdhqf
KonyvkaSimon;2021-11-26 09:44:47+00:00;BTC;RT @ViralErik: BLACK FRIDAY VÃPRODEJ I NA BTC!Slevy, slevy, slevy.
yuyucityxx;2021-11-25 12:30:08+00:00;BTC;RT @Hoo_exchange: ğŸš€Hoo Black Friday is comingâ“What will the price of #BTC be at 15:00 (UTC+8) on Nov 28th?ğŸ‰Take a guess for the chanceâ€¦
LisaRMyers3;2021-11-23 21:52:32+00:00;BTC;RT @SaitaVader: I've heard of panic buying &amp; panic selling  #Saitama got other Devs PANIC DOXXING ğŸ˜‚ğŸ˜œ SAITAMA THE FUTURE OF FINANCE ğŸš€ğŸš€ğŸš€ğŸš€ğŸš€â€¦
bruindesimon;2021-11-23 21:52:30+00:00;BTC;ğŸ“¢My (small) Crypto Portfolio - November 22, 2021 (1-week performance)ğŸ“‹ Curated post from Publish0xğŸ’ Read or write articles and get ğŸ’° #crypto #referral #earn #btchttps://t.co/ixUWD02xEI
__bigwinhucityx;2021-11-26 09:24:59+00:00;BTC;RT @GyroCryptoBTC: I will give 50$ to random person in 6 hours as reroll- Retweet this- Follow me with notifications on#Crypto #NFTs #â€¦
cr1xus;2021-11-26 09:24:59+00:00;BTC;@AnalizciKurt $btc dump it #btc short all in market $eth $ICP short it all coin going to down and down ğŸ§ğŸ§
L0g4n_E;2021-11-26 09:24:58+00:00;BTC;RT @tmv_crypto: #btc dont be afraid.. https://t.co/nPKnxds6wQ
GertvanlLagen;2021-11-23 20:20:42+00:00;BTC;RT @GertvanLagen: $BTC: As long as price does not break above 62k I expect a flashcrash to 53k.
iamjg99;2021-11-26 11:44:12+00:00;BTC;RT @TDSlayerGame: $10 BNB first 2000 users, 3 random users $500.ğŸ”¥ FollowğŸ”¥ Retweet &amp; Tag 3 friendsğŸ”¥ Comment BSCClaim #Airdrophttps://â€¦
CryptoA40672341;2021-11-26 22:24:21+00:00;BTC;$xyo: I did warn you below 15 hours ago .Remember, when #btc dumps hard , nothing is safe.This is you must manage your risk 24/7.-always have money for such days.-always book profit .Dangerous market people . https://t.co/g5pRzGue7I
SenaNdungCityxx;2021-11-25 01:37:54+00:00;BTC;RT @JTS_Global: 36 days left to vote for #BitPay to add $TRX! Hey #TRONICS we're losing ground! It only takes a few secs to #vote for ourâ€¦
gloryacityx_win;2021-11-25 15:09:57+00:00;BTC;RT @oliviaclarkp: The Genesis Event2ï¸âƒ£ is Coming in less than 2 hours!!!!User's guide:https://t.co/NjcSTrJ3HD25th Nov.1pm-3pm UTC ğŸŠğŸ’Sâ€¦
deniss050170;2021-11-24 18:29:42+00:00;BitMart;RT @apenftorg: ğŸ“¢We will launch the limited edition TronmMeetbits NFT flash sale with #BitMart at 10AM EST, 11/26 !  âœ¨20% OFF âœ¨
cryptoindiaking;2021-11-24 18:29:04+00:00;BitMart;RT @Big_Dog_Token: ğŸ”¥@flozincrypto with over 150k followers talked about #Bigdog JOIN US: https://t.co/4AaMoCil3VNow #BDOG is active onâ€¦
1Abirah;2021-11-23 04:39:58+00:00;Idex;Me, my bags $SNDL, $ITRM, $WISH, $SOS, $IDEX few mores, &amp; my current situation... https://t.co/c7ZfzYbERL
anna_deobi;2021-11-22 23:17:14+00:00;ABCC;RT @TBZenEsp: [ğŸ“½ï¸] ActualizaciÃ³n de The Star Magazine en Tiktok con The Boyz New.ğŸ“https://t.co/xGYu7B8lV3#THEBOYZ #ë”ë³´ì´ì¦ˆ @WE_THE_BOYZ htâ€¦
Deepak84858712;2021-11-23 15:12:42+00:00;Gemini;RT @SydDivineTarot: a crazy concept to gemini, cancer, pisces &amp; libra placements https://t.co/A88ctWMhfn
starniite;2021-11-23 15:12:42+00:00;Gemini;122. the 3rd lowest geminiâ€¦ that ainâ€™t right Iâ€™m the only balanced version them other mfs crazy! got the Capricorn moon way to close to me too https://t.co/kJhsaXdU0o
crazyone_10;2021-11-25 02:27:56+00:00;Gemini;So mad watching the voice and seeing gemini go home ğŸ˜¡ğŸ˜¡
mydearvixen;2021-11-25 02:27:56+00:00;Gemini;RT @witti_indi: Sagittarius/Gemini and being the life of the party, funny friend who is secretly hurting inside.
6ad6ritt;2021-11-23 20:46:57+00:00;Gemini;RT @kish_tarot: ğŸ’ŒTaurus. Gemini. Leo. Capricorn. Cancer. Pisces Aries.(s.m.r)You have been heard crying because of the pain. yes, it hasâ€¦
starryroo;2021-11-24 02:21:01+00:00;Gemini;ğŸŒ¿ what you need to growaries - reflectiontaurus - leadershipgemini - diligencecancer - faithleo - harmonyvirgo - mental energylibra - controlscorpio - inner guidancesagittarius - couragecapricorn - positivityaquarius - generositypisces - contemplation
nirajshah;2021-11-24 02:20:58+00:00;Gemini;@JaiminDesai93 Altcoins are still a pain, TBH.  I usually end up on binance, coinbase, gemini (fiat to chain) then to @kucoincom buy/sell then transfer  to @MetaMask . for fiat to defi there is @Dharma_HQ - let me know if you want to look at dharma and i can send you a $100 refcode
wealthyting;2021-11-24 02:20:54+00:00;Gemini;RT @loveofdivine: gemini . libra . aquarius ğŸ’¨ğŸ”®there is a cycle in your life that is coming to a close or has closed so that you can moveâ€¦
GeminiAddict;2021-11-24 02:20:22+00:00;Gemini;Negative thinking &amp; Skeptik adalah kelemahan #Gemini karena terlalu sayang sama temen / pacar, kadang mereka suka curigaan.
laurenrose_ayy;2021-11-24 22:11:19+00:00;Gemini;Half libra half Gemini ğŸ˜³ https://t.co/MAdb66kzX4
shwauby;2021-11-26 19:07:02+00:00;Gemini;@captainsudds What does it mean if Iâ€™m a Gemini ğŸ˜³ is it just mental illness then?
rami8612;2021-11-22 23:40:34+00:00;LocalTrade;RT @Purefi_Protocol: ğŸ¤‘Just 3 days left before the start of the PureFi round for LocalTrade! donâ€™t miss the chance #PureFi gives to you! Thiâ€¦
Pritti_puppet;2021-11-23 16:54:20+00:00;LocalTrade;RT @LocaltradeC: ğŸ’šProof-of-love ğŸ’#LocalTrade contest with @nftbmarket ğŸš€15 winners be in whitelist for IDO Round!1. Follow our Media andâ€¦
TiagoPericao17;2021-11-25 12:56:15+00:00;Korbit;RT @ryucryptos: $SHIB Officially Listed on @KorbitOffical. Korea base CEX. Lets go #SHIBARMY Linkhttps://t.co/qVHyPjIAcU https://t.co/YDâ€¦
Mahboob96163642;2021-11-24 06:32:41+00:00;ZB;RT @99Starz_: We've successfully closed our private sale and raised US$3 MIL by selling all of the allocated $STZ tokens ğŸ”¥ğŸ”¥ğŸ”¥Capturing theâ€¦
shafiqa67164498;2021-11-26 11:39:15+00:00;ZB;@AhmerHassan_ktk @_audle @rabiaminnie2319 @_KamranShah @InshalUroos @YusraAmir01 @Khushi831998 @Im_UbaidLaj @TheShayanMj @AqibYusufzai @_ZB_here It is not just a spirit of a day. I am very serious about this issue.ğŸ’–
babushorkar2;2021-11-25 05:05:59+00:00;ZG.com;RT @CryptoTownEU: ğŸš€ Airdrop: Qitmeer Network Round 2ğŸ’° Value: 150 PMEERğŸ‘¥ Referral: 150 PMEERğŸ“Š Market: HOTBIT, BITTHUMB, https://t.co/wO5Vâ€¦
jerry_spana;2021-11-23 11:26:55+00:00;Kuna;RT @IAMartin_: Kibatala: wakati wa Ushahidi Wako Kuna Mahala Uliongozwa kumwambia Jaji Pale CRO ulimkuta Mtu fulani au Mwenye Haiba fulaniâ€¦
bungol091896;2021-11-23 14:06:20+00:00;Bitfinex;@CoinDesk @Blockstream @bitfinex #WOLVERINUğŸ“ About to hit 16000 holders any time.ğŸ“ Play to earn game incomingğŸ“ Already in 5 exchanges. @Wolverinutoken #WOLVERINUTg : https://t.co/UD4f5NOaYZ
projeilan_com;2021-11-27 16:39:37+00:00;Bitfinex;@binance @BinanceChain @cz_binance @HuobiGlobal @bitfinex @Domain_Center @CoinMarketCap @coingecko @Hydraverse_io https://t.co/QO4FGhQoW5
Satoshis_Dragon;2021-11-27 16:38:09+00:00;Bitfinex;@BTCsessions @BitboBTC @clarkmoody @bitfinex @Bitstamp @CoinbasePro In the past that's been the sign of an insolvent exchange. ğŸ¤”
carlosgarod;2021-11-25 05:28:55+00:00;Bitfinex;RT @steve_hanke: This year, Bitfinex and Tether paid $42.5M for falsely claiming that Tether was backed by fiat currency assets. Now, Bitfiâ€¦
crypt0e;2021-11-25 05:27:44+00:00;Bitfinex;@HodlMagoo @RealFS3 @adam3us @bitfinex wait until you guys find out about the silk road, bitcoin bad, technology bad.
olapadesam00;2021-11-23 15:29:07+00:00;Waves Platform;âœ”ï¸ seamless access for common investors without restricted asset class of inherent value.âœ”ï¸ Making a strides towards achieving democratizing commodities which bridge #DeFi &amp; #CeFi in one platform.This is just the beginning of new waves in the space ğŸš€@cosmos#Crypto
UnderHerRemote;2021-11-26 18:36:23+00:00;Waves Platform;- hey!Come on, vogue!Let your body go with the flow!You know you can do it~!â€A platform rises from the ground and takes Lena higher above the water. She waves to everyone below as she ascends like a princess in a parade."Beautyâ€™s where you find it!Not just where you -
andrearinconAR;2021-11-24 10:30:56+00:00;Waves Platform;Financial advice buy $DATX for X1000 next week ğŸš€ğŸš€ #NFT gaming Platform with #Google ğŸ”¥ğŸ”¥$ONE $MLK $YFII $XTZ $MAHA $OPUL $OLT $BTT $SOLR $PBX $BTT $WAN $GLQ $KLV $AXS $GENS $MLK $WAVES $TEL $UOS $MAN $ZKT $SLIM $SOUL $SOL $NEAR $SHR $MAHA $LOC $ANKR #Huobi #KuCoin https://t.co/9r58nwiePG
Munroe302;2021-11-26 22:05:25+00:00;Waves Platform;$DATX to the fucking moon ğŸš€ğŸš€ğŸš€ğŸš€Easy x800 trade today #NFT gaming Platform with #Google ğŸ”¥ğŸ”¥$TRU $FLOKI $ERSDL $SHIB $CPOOL $BOSON $ETH $ADA $OCEAN $DENT $kin $fet $LINK $AION $ZEN $waves $nmr $zec $XMR $BNB $FIL $CVC $TRX $LINK #NFT $RUNE $BCH $VET $comp #HODL $atom $EGLD https://t.co/hfjs8N5o8i
weiqi995;2021-11-26 01:58:05+00:00;Waves Platform;Meta Universe has set off countless waves this year, and the root cause is Roblox, which went public in March. Roblox is a large game platform. Users can create games by themselves or participate in other people's games.
edg_rocha;2021-11-25 08:26:53+00:00;Waves Platform;@amazing_physics How would the sysmic waves affect the platform and the air inside the hole? Would there be any chances for a significant pressure difference that would make the floor colapse if it was to heavy and the weight unevenly distributed?
ubaidu_isa;2021-11-24 07:43:23+00:00;Waves Platform;RT @olapadesam00: âœ”ï¸ seamless access for common investors without restricted asset class of inherent value.âœ”ï¸ Making a strides towards acâ€¦
trendwatching;2021-11-23 12:32:04+00:00;Waves Platform;October 2021 saw @EDC_LasVegas  bring its EDM festival to game platform @InsideRoblox. How can your brand start making waves in the #metaverse? Click the link below to find out. ğŸ‘‡ğŸ¾ğŸ”— https://t.co/Gj0Lpfvhxv#vr #virtualspaces https://t.co/NglWeSt3uJ
neulich_org;2021-11-24 08:51:27+00:00;Binance;RT @SergioDevidson: #MANA (Decentraland) - game token with the maximum trading volume in 24 hours$ 67,806,114 buy$ 738,157 sellAnd suddâ€¦
Millowisck1;2021-11-23 22:40:46+00:00;Binance;RT @CryptoRubic: As you may know, #Binance will be halting its Binance Bridge services on Nov. 25th. However, we decided to shut it down onâ€¦
Geraldo_bsb;2021-11-23 12:02:46+00:00;Binance;RT @elonmusk: @CoinDesk @binance @egreechee Hey @cz_binance, whatâ€™s going on with your Doge customers? Sounds shady.
CarmenaCardiff;2021-11-23 12:02:45+00:00;Binance;RT @CryptoJones2011: @DuelistKingNFT Some fail, some succeedSome pump &amp; dump, some never pump.Some rug, some honeypotSome long plays, sâ€¦
MrWhale420;2021-11-23 18:42:08+00:00;Binance;@BTCTN Crazy how profitable frontrunning isBinance should've already banned thishttps://t.co/DUUjSrJijO
TaHa16074242;2021-11-25 21:09:58+00:00;Binance;RT @HHfegtastic: @cz_binance @lifeisdefi He owns a crypto site built in 2009Aren't you curious !?ğŸ‘‡ğŸ¤”ğŸ§https://t.co/Wcco2nVzrF
hoozcpr;2021-11-23 14:22:29+00:00;Binance;Wanna earn by mining bitcoin? Cryptotab browser lets you earn money while browsing as usual! check it out from the below link:https://t.co/rD4kXjmPLx#BITCOIN #BTC #ETH #ETHEREUM #BNB #BINANCE https://t.co/9cK4DQk4y2 l
ramazan89134073;2021-11-26 19:07:12+00:00;Binance;RT @DYORCryptoBot: [SCAN RESULTS - 1h]Exchange: #KuCoinTop 5 bullish trend (#BTC pair)1: $XED2: $EWT3: $LPOOL4: $SOUL5: $REVVTopâ€¦
yashar165;2021-11-23 19:25:58+00:00;Binance;@MoonshotWhale @LBank_Exchange @MoonX_Bsc @CryptoPaycheck @FCF_Bsc @QredoNetwork @DeepBrainChain @WINRYINUOFFICAL @VikingsInu @Doge2_Official @solanium_io @ZinuToken Are you tired of passive incomeSO invest in #leopardbsc ğŸ’°ğŸ’¸Thank the #leopardarmy later ğŸ”¥#leopardwallet soonğŸ”¥ğŸ”¥ next 1000X ğŸ”¥   #airdrop #bitcoin @binance@CoinMarketCap@gate_io @leopardbsc @MoonshotWhale @DEXToolsApp @coinbasevKkv8ohttps://t.co/lu1P2tJdDJ
Mohamma86503854;2021-11-23 19:25:58+00:00;Binance;@HHfegtastic @elonmusk @cz_binance @CoinDesk @binance @egreechee @lifeisdefi @FEGtoken ğŸŠğŸ‘€bro if you are holding #FEG in a few weeks you will become a millionaire ğŸ‘ŒğŸ½âœ…$USCT #ListOnFEGex #SmartDefi #SmartLend #AutoDeployer $ROX #ROXtoken #FEGexV2 #IAMFEG #FEGTOKEN #FEGbsc $FEG #FegToken_Iran #Defi $FEG #FegArmy #TeamGorilla #BringingDeFiTogetherğŸ‘€ğŸŠ50
BlackBoyF_ly;2021-11-23 19:25:57+00:00;Binance;RT @Cointelegraph: â€œWhat happened here?â€ Binance CEO pointed out Tesla glitch causing safety recall for roughly 12,000 vehicles after CEO Eâ€¦
Mehdi300415375;2021-11-23 19:32:17+00:00;Binance;@HHfegtastic @elonmusk @cz_binance @CoinDesk @binance @egreechee @lifeisdefi @FEGtoken ğŸŠğŸ‘€bro if you are holding #FEG in a few weeks you will become a millionaire ğŸ‘ŒğŸ½âœ…$USCT #ListOnFEGex #SmartDefi #SmartLend #AutoDeployer $ROX #ROXtoken #FEGexV2 #IAMFEG #FEGTOKEN #FEGbsc $FEG #FegToken_Iran #Defi $FEG #FegArmy #TeamGorilla #BringingDeFiTogetherğŸ‘€ğŸŠğŸ¦52
owen18044656;2021-11-24 03:02:37+00:00;Binance;RT @Philourini: @binance Squid game on BSC makes investors suffer losses. Now, under the new community consensus, I hope Binance can give tâ€¦
KHNshills;2021-11-26 15:35:25+00:00;Binance;@JRNYcrypto $PETSA sneek peek of @MicroPetsBSC upcoming Play2Earn Runner game in Q1 2022Â  Stay tuned! ğŸ’ªğŸ’ªÂ  @elonmusk @cz_binance$PETS #P2E #Metaverse #bnb #bsc #NFTGame #MicroPETSBSC #PlayToEarnÂ  https://t.co/oZFRQGhHzf
LocalMortgageCO;2021-11-24 15:51:25+00:00;Binance;RT @fluxtheweb3: Have you seen $ADA and $TRX get delisted today due to compliance issues? Well $Flux got none! ğŸš€#FLUX #cryptocurrency #Crâ€¦
AlexiPando;2021-11-23 17:25:41+00:00;Binance;@LBank_Exchange @MoonX_Bsc @CryptoPaycheck @FCF_Bsc @QredoNetwork @DeepBrainChain @WINRYINUOFFICAL @VikingsInu @Doge2_Official @solanium_io @ZinuToken Are you tired of passive incomeSO invest in #leopardbsc ğŸ’°ğŸ’¸Thank the #leopardarmy later ğŸ”¥#leopardwallet soonğŸ”¥ğŸ”¥ next 1000X ğŸ”¥   #airdrop #bitcoin @binance@CoinMarketCap@gate_io @leopardbsc @MoonshotWhale @DEXToolsApp @coinbasevF9el0https://t.co/48EnbQzWye
Illia5433Illia;2021-11-26 17:14:56+00:00;Binance;RT @TheBinanceNFT: Thanksgiving is about being thankful for what you have. #BinanceNFT is extremely thankful to all of its Binancians. ğŸ¤—Wâ€¦
Melissi63137178;2021-11-26 17:14:55+00:00;Binance;RT @NinebotIO: @cz_binance We are still a small dust, with your support it will really help us to develop this project. #Binance #Smartchâ€¦
85267432;2021-11-26 17:14:27+00:00;KuCoin;$DATX No better looking chart on the all time frames get on board and pay for Xmas$BTC $CAVA $FET $OGN $BTC $iotx $ANKR $BTMX $ALPHA $LTX $AAVE $REV $ETH $BTT $bora $LTX $CWS $RSR $MASK $SHFT $pols $EOS $EOS #KuCoin #ETH $WAVES $nmr $HTR $yfi $ETH #DeFI $CIRUS https://t.co/s4kporDQxZ
happy_escapism;2021-11-27 00:49:11+00:00;BW;RT @fahidfan: So sanjana wanted misunderstandings cleared bw her and chirkut ğŸ˜ğŸ˜how annoyed she got when he didn't look at her ğŸ˜‚ğŸ˜‚#ZiddiDilMâ€¦
cutiewinni;2021-11-27 02:44:55+00:00;BW;RT @marrymebbright: THE BW IN BLACK AND WHITE IS  BRIGHTWIN #velencebkk #astrostuffs #à¹„à¸šà¸£à¹Œà¸—à¸§à¸´à¸™ #bbrightvc #winmetawin https://t.co/jphRO1Y5â€¦
NullArcana;2021-11-27 02:28:09+00:00;BW;@Tooru1Fan @sunburnedLain @YunoDied all I can remember about BW is that almost literally every trainer had one or more of those stupid monkeys.
Skyglass___;2021-11-27 02:28:09+00:00;BW;RT @mb_ota: Comm, wasted BW. https://t.co/NUmKgYDbPb
GermanTank_BW;2021-11-23 12:59:42+00:00;BW;RT @piusmokhwela: @GermanTank_BW Ehe nako enngwe ba bua gole late le bone MisterğŸ˜‚
Garyyy_NE;2021-11-24 02:50:13+00:00;BW;@BW_Byleth_NE they nerfed the shit out of him tho i just feel like they did him dirty
Dev_Sahab_;2021-11-24 02:50:00+00:00;BW;RT @MallGarima: After very long time you finally came 2nd time ğŸ¤£ğŸ¤£ğŸ¤£ğŸ¤£Bw which policy I violated @TwitterSupport  ?ğŸ˜‚ğŸ˜‚ğŸ˜‚ #twitter https://t.coâ€¦
oaratwa_phale;2021-11-24 10:45:56+00:00;BW;@orenstama_Bw Serious ğŸ¤§ğŸ¤§ğŸ¤§eish phone e thubegile so e gana ke dira dilo tse dingweğŸ¤§
RobCLightbourne;2021-11-23 23:44:08+00:00;BW;RT @NSAVTech: Finally, BW Cryptocurrency Exchange https://t.co/x00Cq6YdVd . As BW has twice tweeted in the past week or so, negotiations toâ€¦
tonypcrypto;2021-11-24 15:37:50+00:00;BIG markets;@Bitcoinsensus Nowaday all the #NFTs markets come to us. You will need @DeFiForYou #DFY @dig_chain #DIG  Where you can pledge all kinds of NFT assets to other activities without having to sell your NFT at a surprise price.Really a Big GEM to invest now ğŸš€ğŸš€ğŸš€
BordeleauCody;2021-11-24 15:36:53+00:00;BIG markets;RT @davidgura: On @MSNBC, former Sec. of State @HillaryClinton talks about "the need to regulate the #cryptocurrency markets":"There areâ€¦
kingthles_;2021-11-23 01:51:31+00:00;BIG markets;RT @brucefenton: If the retail markets are closed to investors while big insiders can cover their short positions then the markets are totaâ€¦
TomaszChlon;2021-11-26 11:19:25+00:00;BIG markets;RT @clothildegouj: As Europe gets closer to adopting historical laws to rein in Big Tech and crack down on illegal content online, @SamuelSâ€¦
Jeremy00243297;2021-11-26 21:52:38+00:00;BIG markets;@Joeytellstruth @ALGfreedom You know weâ€™re in really big trouble when a virus can cause chaos in monetary markets!! Run for the hills!!!
chontang;2021-11-26 21:47:20+00:00;BIG markets;Markets rarely melt down in December - look at every major crash weâ€™ve ever had, they usually happen in Sept/October.  (1931/1987/2008)  Why?  Vacation schedules. The big $$ are usually institutional investors, and they donâ€™t adjust portfolio allocations now - vacation!
deckard6_6;2021-11-26 21:45:48+00:00;BIG markets;@scottmelker it's just the big players manipulating the markets while they can, until the coins dry up. Avoid leverage; just set limit orders to buy up the dips, to benefit when they do it, then relax and hold.
AlthalusFold;2021-11-26 21:43:46+00:00;BIG markets;@Margishine @samanthamarika1 Somebody is playing a big game with people health using it to control the markets and build gains .. that is if you put aside the billions from the vaccine..
PaulNemitz;2021-11-26 15:22:25+00:00;BIG markets;RT @corporateeurope: Yesterday the EU Council agreed its position on the #DSA #DMA.  Big Tech firms invested heavily lobbying the EU capiâ€¦
BiscoCarlson;2021-11-26 15:20:24+00:00;BIG markets;RT @bitcoinpanda69: Wait a secif the last time we had that big selloff black swan because everyone thought covid thing would nuke everythâ€¦
rbiolena;2021-11-24 00:04:56+00:00;BIG markets;Nasdaq tumbles for second day as Big Tech loses ground https://t.co/elM6SEaGlb
ParacelsusDoc;2021-11-24 00:02:30+00:00;BIG markets;I can't wait for the Moderna fraud trial in 2030 where Stephane Bancel explains how Moderna started in 2005 but didn't get a single drug approved until a member of their board became chief scientist for Op Warp Speedhttps://t.co/qopUI2nuok
MajamboKE;2021-11-24 00:00:13+00:00;BIG markets;RT @Reuters: Nasdaq tumbles for second day as Big Tech loses ground https://t.co/Qt8suihAA3 https://t.co/R0q5hKFPw6
PatMalo28822361;2021-11-25 02:57:13+00:00;BIG markets;RT @NewJeffCT: Addendum to that â€“ 2019 was the worst year for layoffs in decades &amp; those that did manage to find new jobs often suffered BIâ€¦
_qbhatti;2021-11-24 11:46:04+00:00;BIG markets;Nasdaq ends lower for second day as Big Tech loses ground - Reuters: Nasdaq ends lower for second day as Big Tech loses groundÂ Â Reuters https://t.co/ziQu5eQ2jE -Follow me more news
PandaNoshii;2021-11-26 21:01:45+00:00;BIG markets;$BTC @ a level I've had marked for a while We want to see a bottom form though I expect it to be choppy The only uncertainty for me is wider markets  Lets see what the weekend has install anon Still think this sell off was a big over-reaction #Bitcoin #BTC https://t.co/yRwHC1sves
Ellery44001803;2021-11-26 21:00:59+00:00;BIG markets;#FJBDeep Discounts Are Harder To Find This Black Friday Amid Snarled Supply ChainsÂ https://t.co/ADZ59IQHpm
soma77;2021-11-26 20:52:51+00:00;BIG markets;Biden administration releasing 50 million barrels of oil to lower gas prices https://t.co/lTK6Tbt3D7 Biden works for Americans trying to lower gas prices. Republicans push their donors to raise gas prices so even when oil prices go down they raise price of gas to attack Biden
MdRobiul303;2021-11-27 04:28:04+00:00;BIG markets;@CryptoZyte_News @Littleshiba_inu What do you think about Asia's market? Is your team planning to reach other countries with potential crypto markets, and big teams and investors want to work and cash in on crypto??@sabbirsr15@lalpori11@patha191
VA4Americans;2021-11-27 04:25:28+00:00;BIG markets;RT @zerohedge: Deep Discounts Are Harder To Find This Black Friday Amid Snarled Supply ChainsÂ  https://t.co/wF2rSg1QnY
Meowmix23846679;2021-11-27 04:22:15+00:00;BIG markets;@Owens4996 @RBReich @thereseflanagan You donâ€™t have a single clue how oil markets work, do you? Because â€œbig oilâ€ produces a fraction of the oil produced by national oil companies like Rosneft and Total.
Kvng__Kai_;2021-11-25 14:22:30+00:00;BIG markets;@xMPLSxSOTAx @StiffyHall @overtime @theantedwards_ @jnglert Miami isnâ€™t big market. LA, NY. Those are big markets. Every team that isnâ€™t a small market isnâ€™t a big market team
OBINHOWELL;2021-11-27 02:49:14+00:00;BIG markets;RT @FrogNews: So with markets down big, @pfizer $PFE hits an all-time high.  Covid is a cash cow for a lot of people..
j_krypt;2021-11-27 02:44:08+00:00;BIG markets;@DavidMoline2 @v_voras @danielkotzin Whatâ€™s wrong with Bitcoin ğŸ˜‚ Common sense science man, donâ€™t make it such a big deal. Plus, markets on sale.
vlamasdf;2021-11-26 08:20:44+00:00;BIG markets;RT @WayneMcCurrie: Market following global markets. Big worries about inflation.  Everything down 2%  but especially financials on weaker râ€¦
Duktiamat;2021-11-26 08:17:25+00:00;BIG markets;@The_Real_Fly @FUTURENEWS2020 Yeah big quest does it splat like a bug on a windshield or well it bounce like a rubber ball. Only half day for #USA markets
von_herren;2021-11-26 22:55:02+00:00;BIG markets;RT @TheKouk: Gotta love markets...Stocks crunched; AUD sort of resilient at 0.7115; big falls in bond yields.How bad is this new virus?
DanielFrame204;2021-11-27 16:52:53+00:00;BIG markets;@Charan97209715 @BabyDogeCoin You don't understand how crypto works do ya. Loom at what bitcoin did in 2017 went down massively amd look at it now. The whole markets down it will go back up and in a big way.
chioma17632078;2021-11-27 16:52:32+00:00;BIG markets;@crypto @markets #VNTW is on a bull run, team pulling big moves lately to the moon people ğŸš€ğŸš€ğŸš€ #vntwarmy #vntw $vntw10
Diiewam;2021-11-27 16:48:50+00:00;BIG markets;@TheLastDegree Seems that virus is a non event hearing interviews of people living in south africa. its less sick making. Not proven anything which is claimed. Monday markets will rebound big.
daisydakota6;2021-11-24 04:11:18+00:00;BIG markets;RT @Ellery44001803: @lawyer4laws It's even worse than that. He's shipping our oil to "Asia" (aka his friends in China) 10% for the big guâ€¦
senryoAIIT;2021-11-24 04:10:13+00:00;BIG markets;Googleã‚„Amazonã®ä¸å…¬æ­£ãªæœ‰å®³è¡Œå‹•ã‚’çµ‚çµã•ã›ã‚‹ã€Œãƒ‡ã‚¸ã‚¿ãƒ«å¸‚å ´æ³•ã€ç«‹æ³•æ¡ˆãŒåœ§å€’çš„å¤šæ•°ã§æ‰¿èªã¸ - GIGAZINE https://t.co/lw75TlZ55z 2021å¹´11æœˆ24æ—¥ 11æ™‚11åˆ†Digital Markets Act: ending unfair practices of big online platforms  https://t.co/qiXKJrlbeT@Europarl_ENã‚ˆã‚Š
UnicapStockMKT;2021-11-24 04:09:55+00:00;BIG markets;Look at opportunity in Balaji Amines big spike expected even from here especially for Intraday #StocksToWatch #livetrading  #nifty #investing #stockmarket #stockmarketnews #sensex #stock #india #BSE #Markets #newpost #post #nse #trade #TradingTip #stockinfocus
MatthewRyanReed;2021-11-24 04:07:04+00:00;BIG markets;@Coachkcrypto @IOHK_Charles @eToro Crypto needs projects like avax, eth, AND ada.  Thereâ€™s a big world out there and we need different solutions to serve different markets and purposes.  Hating on hard work in crypto is just delaying cryptoâ€™s progress.
oakleybmiller;2021-11-24 04:06:49+00:00;BIG markets;RT @sweatystartup: We haven't sold any buildings yet (and not sure if we will) but here is our updated track record.A factor of 3 things:â€¦
SolNFTking;2021-11-26 23:30:38+00:00;BIG markets;RT @Hello_Moon___: Waiting for @nootcity to start trading on the secondary markets â€” we are expecting a big pop ğŸ§ğŸ§ğŸ“ˆğŸ“ˆğŸ“ˆğŸ“ˆ@littlenoots #Solanâ€¦
Decaco1;2021-11-25 17:35:53+00:00;BIG markets;@ScottCraig18 @thehill Yep sure does where was all this outrage last year when trump gave the biggest corporations 6 trillion. So when we had record unemployment we also had record breaking stock markets artificially inflated by big gov.
alittleabtmkt;2021-11-24 17:19:09+00:00;BIG markets;While #Nifty is having big down days.. Checkout how #VNINDEX(vietnam index) has been doing ever since #nifty50 came off its ATH. VNINDEX was covered as Global Watch in 29th Oct addition of the Weekly Roundup by @alittleabtmkt#GlobalFundsFlow  https://t.co/tVwtNp7YJ2 https://t.co/4jER3GsJHm
Satishchandrakm;2021-11-24 06:28:34+00:00;BIG markets;@AmitRan42484465 @ajinkya89241632 @ZeeNews Do you understand thatAction is being taken on crypto currency to promote the stock marketersStock markets should also be banned because only big fish earn in the stock market, small investors only loseà¤¶à¥‡à¤¯à¤° à¤¬à¤¾à¤œà¤¾à¤° à¤à¤• à¤¸à¤Ÿà¥à¤Ÿà¤¾ à¤¬à¤¾à¤œà¤¾à¤° à¤¹à¥€ à¤¹à¥ˆà¤•à¥à¤¯à¤¾ à¤¶à¥‡à¤¯à¤° à¤¬à¤¾à¤œà¤¾à¤° à¤®à¥‡à¤‚ à¤²à¤¾à¤­ à¤•à¥€ à¤—à¤¾à¤°à¤‚à¤Ÿà¥€ à¤¹à¥ˆ
KurtKendricks;2021-11-26 23:04:42+00:00;BIG markets;Capitalism, corporations, yadda yadda. The problem is what scales sells and what doesn't won't, same reason every superhero third act is now big, flashy explosions which easily translates across cultures and markets the way stories, themes, and morals often don't. https://t.co/RicceyvNd6
Void_Spartan;2021-11-27 11:45:29+00:00;BIG markets;RT @FreedmFightr666: ğŸ‘‡ğŸ¼We will just start having our own festivals, markets, entertainment etc. I think we have a big enough base to buâ€¦
BizzBuzzNews;2021-11-27 11:42:22+00:00;BIG markets;Big Bull loses Rs 753 cr in a week #RakeshJhunjhunwala #stockmarket #atacompanystock https://t.co/SP3f4xMmS2
naturealert3;2021-11-27 11:40:07+00:00;BIG markets;INDONESIA: The horrific and illegal wildlife trade continues. many of these birds, if they survive, end up in this Minister's local and illegal wildlife markets. She is a BIG part of the problem. https://t.co/l7FWeeeS78
DanishMohamed7;2021-11-27 11:36:45+00:00;BIG markets;RT @mediaindiagroup: Google to invest $1 billion in @CMEGroup.The 10-year long partnership will see CME, an #American global markets companâ€¦
gmorton512;2021-11-27 11:35:10+00:00;BIG markets;As perhaps foreshadowed in the Big Pic column, the markets team at @IBDinvestors will update the Mkt Pulse to reflect Friday was a dist day on both SP5 (outright dist) and NAS (pro-rata vol).  IBD has used pro-rata half day vol to call a FTD, should do the same on a dist day imo https://t.co/4KZ2HvwgwA
prilotus1;2021-11-27 11:29:48+00:00;BIG markets;RT @EthicalRenewal: 30 MAY 2020Big firms abuse furlough by getting taxpayer to pay workers they make redundant.BA, Virgin Atlantic, Tui,â€¦
hellakusch;2021-11-27 00:48:54+00:00;BIG markets;@plutustrades @moneymotive888 Thats why Im watching markets hard rn. People shook up about interest rates biggest decline in 10YR T-Note since March 2020. Cause usually $UVXY just craters after these dips or drops back down over a few weeks. Really needs something big to keep it bullish.
TheKouk;2021-11-26 20:44:34+00:00;BIG markets;Gotta love markets...Stocks crunched; AUD sort of resilient at 0.7115; big falls in bond yields.How bad is this new virus?
ass_insider;2021-11-26 20:36:58+00:00;BIG markets;Okaaaay soooo not FA or even credible TA, but the big boys like BTC and BNB are dicking around in a channel and then the Futurama strain of Covid started to fuck with markets a little towards the end of a middling week, which probably makes things look worse than they are.
NomadTraveler_;2021-11-26 20:35:18+00:00;BIG markets;Fuck this shit. Take all your money out of markets. Here comes another big crash. ğŸ¤¬ğŸ¤¬ğŸ¤¬ https://t.co/DNUtok8YYx
raygaurca;2021-11-26 16:58:25+00:00;BIG markets;There are some big sale stickers for Black Friday in the markets today. Buy only what you need so that you donâ€™t have to say bye bye to what you have.
GreenNewsReport;2021-11-26 23:59:53+00:00;BIG markets;Report finds current leasing program "falls short of serving the public interest"Calls for new rules to boost royalty rates, bonding rates, and other feesBig Oil already howling about minor increases in royalty levels that havenâ€™t changed in a centuryhttps://t.co/CvMslGQNec
solid_kulak;2021-11-26 23:59:33+00:00;BIG markets;RT @bullishthekid: Are you fucking kidding me Now this lady is out here campaigning against the crypto markets under RUSSIAN and CHINESEâ€¦
GhosthuntingCTL;2021-11-26 23:58:15+00:00;BIG markets;@Luciana_Lorra The stock market went down to where the whales wanted it and then they made big money 3 months ago. It's all a game. They use the media to spread fear so they can buy stocks and crypto at low prices then sell when the fear is over and the markets skyrocket.
crushthemarket;2021-11-26 23:56:58+00:00;BIG markets;Sales Likely To Be A Lot Lower Given Weak Discounts As There Isnt Much Stock Available - Deep Discounts Are Harder To Find This Black Friday Amid Snarled Supply Chains  https://t.co/SJxlvCTrHo https://t.co/M7c4k0wo6P
OfKimbriki;2021-11-26 22:23:37+00:00;BIG markets;@Big_Orrin Secretary of Labor doesn't understand how commodity markets work. Jesus fucking Christ
TheKingsTrigger;2021-11-26 22:23:08+00:00;BIG markets;@flyonthewall182 @glinch72 @RiseUpEire @BrknMan @essbeck @chafe_mike @elias_amgr @roger_clague @WReynolds20 @Paul204731131 @JohnDublin10 @LouisCy72344053 @ejwwest @Tedblake1968Ted @Climate_Takes @OscarsWild1 @FriendsOScience @FlowerandFist @ClimateSkeptic4 @DarrinW74512672 @torpet002 @BJChippindale @jpgcrowley @Robert76907841 @BubbasRanch @Gordon_DHG @butchhackett @B_Bolshevik100 @Veritatem2021 @Spencerfletch0 @Roark_Architect @richmclean24 @samphireisland @Kenneth72712993 @LunusOfGayTakes @Lo_VVriter @TomPlesier @MikeDel21893959 @RoyPentland @variegated2 @OG_Advisors @aSinister @InaneDragon @AnsgarTOdinson @OzzmanOsgood @obannan @MartinJBern @JR4_Truth @odyssey_bow yet they make billions of profit after paying for research. and often ignore small markets as roi is not very high there while risk big when your product fails. Management gets the gignatic boni. and still billions of profit.
btcnewsapp;2021-11-24 20:56:44+00:00;BIG markets;This Big US Investment Bank Is Doubling Down On Its Bitcoin Exposure - Benzinga via BTCnews for iOS https://t.co/7vKzsQ532V
Erica94883916;2021-11-25 04:06:57+00:00;BIG markets;@mbobbish @profwolff I can see that. Before the money is even allocated, itâ€™s probably well understood which companies are going to receive it. Just as in the monopolized consumer markets, there are probably very few big players in the markets for government projects as well.
Econewsone;2021-11-25 03:59:07+00:00;BIG markets;RT @UnicapStockMKT: Infoedge is in breakout big move expected #StocksToWatch #livetrading  #nifty #investing #stockmarket #stockmarketnewsâ€¦
rikster5;2021-11-26 19:32:27+00:00;BIG markets;@Canuckl06917030 @DanRussellST Personally, Iâ€™d like to see sports media transferred to other markets every few yearsâ€¦Stay too long in one market and biases and agendas begin to creep in which was one of the big complaints with Danâ€™s show in the end.
OEIAC_UdG;2021-11-23 12:59:55+00:00;BIG markets;RT @EP_SingleMarket: Press release - Digital Markets Act: ending unfair practices of big online platformsAmended text approved @EP_SingleMâ€¦
moolyaindia;2021-11-23 12:59:26+00:00;BIG markets;RT @UshaNirmala: Increasing public debt is a serious concern of developed countries..Long-term stagnation, aging populations, mounting inâ€¦
GigaBitcoin;2021-11-24 18:40:15+00:00;BIG markets;This Big US Investment Bank Is Doubling Down On Its Bitcoin Exposure - Benzinga - Benzinga https://t.co/hnnvyZ4gV0
Black_Dragon123;2021-11-25 03:50:13+00:00;BIG markets;RT @EvanKirstel: Digital Markets Act: ending unfair practices of big online platforms | News | European Parliament https://t.co/diFoMV0KQP
NickDrakon;2021-11-26 09:29:09+00:00;BIG markets;@DCbuild3r Big money flows are dictated by the level of volatility.  As volatility spikes traders are forced to reduce their leverage which causes markets to react violently. This is true in all markets where leverage exists, including crypto.
veenujindal;2021-11-26 09:28:51+00:00;BIG markets;@connectgurmeet We hardly know or advise investors to hedge their portfolio in downtrend markets. Buying IN the money puts and AT the money calls help hedge portfolios, my portfolio is giving the same return as Nifty was at 18500. Big investors use hedging, small investors can also. I do!
SpencerMagne;2021-11-26 17:09:13+00:00;BIG markets;@bfbuschi They're full of shit! Big funds have the $ and volume to move markets and do! They'll buy back cheaper or diversify to something they've already been eyeing as per usual! They didn't take trump seriously and they certainly don't think the variants will destroy world economies!
Ben_Winkley;2021-11-26 20:11:13+00:00;BIG markets;Final update: Brent, WTI take big hits on #Omicron variant fear. Both contracts suffered the fifth steepest single-day price declines in the exchanges' respective 33 and 39 years of offering crude futures markets.https://t.co/d176SQz7Tl
iambatmandoug;2021-11-26 20:07:03+00:00;BIG markets;Deep Discounts Are Harder To Find This Black Friday Amid Snarled Supply ChainsÂ  | ZeroHedge https://t.co/1bYLT1QNWt
mikesunx;2021-11-26 20:05:03+00:00;BIG markets;Stock markets down big on new #covidvariant â€”â€” CNBC: â€œThe Dow Jones Industrial Average dropped 905.04 points, or 2.53%, for its worst day of the year.â€
speculativespec;2021-11-26 20:03:46+00:00;BIG markets;@Biohazard3737 This might be a big nothing burger and only a reflection of how counter-productive markets conversations at Thanksgiving dinners areIn all seriousness, severe overreaction shows how nervous market participants are in this game of musical chairs
CeeAA20;2021-11-27 06:30:17+00:00;BIG markets;And big oil keeps f#cking consumers everyday by continuing to manipulate gas prices. https://t.co/nEFEOb57MI
MarketInterest;2021-11-26 12:00:47+00:00;BIG markets;Goes without saying that price gapping today isn't likely to be on the risk-on side. Don't know who needs to hear that. This, "Nu variant", is today's news for markets, into a weekend (big deal). Next few trading sessions should be heavy, by all logic.
TalkToWilliam;2021-11-23 02:42:33+00:00;BIG markets;Big shoutout to @lushcosmetics for taking this seriously! #MentalHealthMatters https://t.co/ameSZEjDIB https://t.co/SLihfQn38i
dineshgrao;2021-11-23 02:36:33+00:00;BIG markets;Read to understand how #Reliance @JioMart is undercutting prices to finish off the kirana stores owners.Their aim is to kill the small shopkeeper.And Modiji is helping this Big Fish to swallow the Small Ones. https://t.co/O0ULCS8Ijr
LPhng62584219;2021-11-23 02:22:11+00:00;BIG markets;RT @countyangula: Big update on @arcadiansNFT mint!All minted NFTs are now revealed (no more Arcade boxes)Also- Rarity calculator finallâ€¦
daynutrition;2021-11-26 23:29:41+00:00;BIG markets;Covid-19 deaths keeping mounting up as COVID-19 VACCINES after 6 months effectiveness is down to less than 50%. BOOSTERS needed by everyone every 6 months. Big Pharma $64,000/minute for COVID-19 VACCINES Cash Cow! https://t.co/LcqtgPIx6v
benjaminbach;2021-11-25 15:27:34+00:00;BIG markets;@dschatsky @drorpoleg @BaljiS If you mean â€œlegacy financial institutionsâ€ I get it. But markets are a way for ppl to exchange things, even when theyâ€™re really big
HoujouMatsuri;2021-11-25 15:27:21+00:00;BIG markets;RT @OzanCobanoglu81: @GamingSheepy @GIBiz Overreacting and unnecesarrly attacking to Steam %30 is not high it's the general profit of the bâ€¦
AtZumbul;2021-11-25 15:22:54+00:00;BIG markets;Digital Markets Act: Ending Unfair Practices of Big Online Platforms with Gatekeepers#consumerprotection #compliance  #marketing #digital #data #advertising #operatingsystems #onlineadvertising #markets #cloudcomputing #eu #digitalact #legal #lawhttps://t.co/4gGRTRpFPj https://t.co/6eVJGYZ0wV
ashoksharma81;2021-11-27 10:08:40+00:00;BIG markets;A big positive for Indian marketsâ€¦.#NuVariant #SaturdayMotivation #SaturdayThoughts #SaturdayVibes #crude https://t.co/tVw8enTOZ7
parseeturahu;2021-11-27 10:06:06+00:00;BIG markets;RT @khimasiapunit: Tech stocks are highly over valued across the GlobeThey're told to be Too Big to Fail, but Markets doesn't work on priâ€¦
phgelado;2021-11-26 17:59:56+00:00;BIG markets;@UofGVC Hopefully this will flip some early retirees to get back to tight labour markets in the US and contain inflation. Brent down but gas futures up, we might still be in for big energy crunch this winter :(
Cerebus79;2021-11-26 17:58:49+00:00;BIG markets;@delay_fifa @easymiles @HukAleksandra So, the markets dropped massively today it could be some profit selling on crypto to buy that dip. Also we had some big rallies recently and that could also be part of it. Very hard to tell but the covid news does seem to be a factor indirectly or directly.
RizoStonks;2021-11-27 01:36:51+00:00;BIG markets;@berggren_albin @koryamc1 @HangLoose1337 @unusual_whales Brother, Itâ€™s hard to drop a single tweet. Iâ€™ve connecting the dots &amp; dropping for some time &amp; for new followers itâ€™s newYou got to understand the Elite   Control everything &amp; play both sides. BlackRock ğŸ¤CCP itâ€™s businesshttps://t.co/dafWNPsFeu
MediagazerChat;2021-11-23 20:51:56+00:00;BIG markets;RT @jduch: Digital Markets Act: ending unfair practices by online platforms.Draft law blacklists certain practices by large platforms, enâ€¦
kirubaakaran;2021-11-23 17:27:39+00:00;BIG markets;Will this be a big plus for Indian Equity markets? Will these crypto money move to other asset class? https://t.co/dhx83vyUT9
queenoffthedark;2021-11-26 17:49:07+00:00;BIG markets;RT @Tom_Fowdy: Markets down, but big pharma shares up...
luxliv3s;2021-11-27 14:55:24+00:00;BIG markets;@TrinCyboid i would 1000% expect the big US porn producers to try that shit if it wouldnâ€™t mean cutting off the US porn market, which is a big one lol. the japanese producers probably figured they could do without taiwanâ€™s consumers if they still had the bigger markets and less piracy
KarlCampbell6;2021-11-27 09:53:41+00:00;BIG markets;RT @TKIA87661582: #ZPHR On a red Friday for the markets 0.5% of the share register was bought &amp; it went up 5% even though #oil was down 12%â€¦
Trader_Joe_LPP;2021-11-26 03:23:19+00:00;BIG markets;Damn. $SPY AND ASIA markets taking a DIVE!   BIG money cashing out on short day and BAD NEWS!    https://t.co/0nfrwgPRb9
DubickiWarner;2021-11-25 00:34:28+00:00;BIG markets;The Data Point: Bidenâ€™s oil reserve release is the biggest in U.S. history https://t.co/d4d4ldUdGR OPINION: BIG release SMALL effect on prices.
Bet99Sportsbook;2021-11-27 16:39:55+00:00;BIG markets;ğŸš¨ Barney's Bets ğŸš¨@MattBarnaby3636's Big Board for this Saturday is loaded with #NCAAF picks. ğŸˆAll the markets you need both pre game &amp; in play! Every game starts at BET99ğŸ›‘ We are responsible Gambling https://t.co/XYPCzlurzR
NetsSzn1;2021-11-27 15:42:27+00:00;BIG markets;@Mets2Hell @RyanGarciaESM A Luxury tax existsâ€¦ Also bad contracts do exists even to big markets two bigger markets than the Mets gave Jacoby Ellsbury and Trevor Bauer huge deals in recent times that blew up
anishss;2021-11-26 03:54:51+00:00;BIG markets;RT @AutusInvestment: #Nifty &amp; #Niftybank #Intraday 5M chart with SSG/ #SGLEVEL.ST below SSG/SG due to big Gap down opening....#RDMPL #Sâ€¦
AutusInvestment;2021-11-26 03:54:25+00:00;BIG markets;#Nifty &amp; #Niftybank #Intraday 5M chart with SSG/ #SGLEVEL.ST below SSG/SG due to big Gap down opening....#RDMPL #SGLogic #Traders #Nifty #Banknifty #Markets #OptionsTrading #profit #INTRADAY #sgxnifty #bearish #bullish #startup https://t.co/yZrbHe8IzV https://t.co/USsr7msbRg
darrylwolk;2021-11-26 03:52:03+00:00;BIG markets;Global markets are tanking at the moment. Hang Seng Index and Nikkei getting hit hard along with all other Asian markets. Europe will take a big hit as well. Dow futures now over 400 in red. Not close to the limit downs we saw in early 2020. Let's see what happens over night.
TheRealSkorcz;2021-11-26 03:51:33+00:00;BIG markets;RT @Trader_Joe_LPP: Damn. $SPY AND ASIA markets taking a DIVE!   BIG money cashing out on short day and BAD NEWS!    https://t.co/0nfrwgPâ€¦
Carlosmoney14;2021-11-26 03:48:18+00:00;BIG markets;@RevShark Only the US markets will be up tomorrow.  The Fed, GS and other wonâ€™t allow it to go down hell tech will probably be up big before cash open it will reverse much higher it is immune to everything. At last over the last 13 of government support has shown.,.
KeenobserverPc;2021-11-26 18:13:36+00:00;BIG markets;@RayanRock6 @yuvarajbafana @farirf07 @Abhishekkar_ I am Novice in markets, But did you notice that the volatility is almost negligible.That means there is possibility that someone is holding a big chunk of bcg shares &amp; the day he decides to sell. Only God can help. I can be totally wrong here.
varun_mathur;2021-11-26 18:10:43+00:00;BIG markets;If you are building a consumer tech web2 product, you already know how exceptionally difficult it is to bring things to scale given the crowded markets we live in. But, web3, as a playing field, has been left alone by big tech! So itâ€™s a vast blue ocean to play around in. https://t.co/ksKlcyt9ju
brynstole;2021-11-26 18:06:22+00:00;BIG markets;"American society has accepted that trade-offâ€”big money now for social crisis laterâ€”on any number of fronts: in its banking sector, in its housing markets, in its health-care industry. [G]ambling is simply one example of our boundless desire for risk." https://t.co/F1rQZ5pPOK
